"id","rn","exp.rn"
"1",1,-1.27952644742421,0.278168996913126
"2",2,1.27782287802363,3.58881791978382
"3",3,1.59235833348488,4.91532725103252
"4",4,0.485731411905213,1.62536338432486
"5",5,-0.534754797137508,0.58581291553917
"6",6,0.398557608516507,1.48967445352223
"7",7,0.615937942227259,1.85139228444781
"8",8,-0.870532783062021,0.418728398409164
"9",9,2.20254034153981,9.04796926151698
"10",10,-0.514480736692321,0.597810935320636
